address,chain,name,entity,category,tags
0x07a6f98c03379b9513ca84cca1373ff452a7462a3b61598f0af5bb27ad7f76d1,starknet,10kswap,10kswap,dex,"defi,swap"
0x000023c72abdf49dffc85ae3ede714f2168ad384cc67d08524732acea90df325,starknet,10kswap,10kswap,dex,"defi,swap"
0x017e9e62c04b50800d7c59454754fe31a2193c9c3c6c92c093f2ab0faadf8c87,starknet,10kswap,10kswap,dex,"defi,swap"
0x01c0a36e26a8f822e0d81f20a5a562b16a8f8a3dfd99801367dd2aea8f1a87a2,starknet,10kswap,10kswap,dex,"defi,swap"
0x041a708cf109737a50baa6cbeb9adf0bf8d97112dc6cc80c7a458cbad35328b0,starknet,10kswap,10kswap,dex,"defi,swap"
0x0127021a1b5a52d3174c2ab077c2b043c80369250d29428cee956d76ee51584f,starknet,AVNU,AVNU,dex,"defi,swap"
0x04270219d365d6b017231b52e92b3fb5d7c8378b05e9abc97724537a80e93b0f,starknet,AVNU,AVNU,dex,"defi,swap"
0x07d83b8842d2074a31926a59e942e4f39f879cac52e0f7c28b77240301a8bb6d,starknet,Brove,Brove,wallet,wallet
0x043e447f2008d7c24267524b9858f793851381d90a8780c1b31d62500ae26009,starknet,Brove,Brove,wallet,wallet
0x0516b89aeb41f328ab8bc20f8379fdaaa1b93916dfe39306e7a479d1d62f751c,starknet,Brove,Brove,wallet,wallet
0x047472e6755afc57ada9550b6a3ac93129cc4b5f98f51c73e0644d129fd208d9,starknet,Carmine Options,Carmine Options,derivatives,"defi,options"
0x051fea4450da9d6aee758bdeba88b2f665bcbf549d2c61421aa724e9ac0ced8f,starknet,Cartridge,Cartridge,gaming,gaming
0x021bcb191263cd28357465f9388570465f330724fe2a9a085fb372c7356226dc,starknet,Dmail Network,Dmail Network,social,social
0x02d1d7fae120273704aba170cb9b5f1d4cb03ba6c7bbf248e04daefe7c425a8d,starknet,Earn,Earn,yield,"defi,yield"
0x03704c751314e87f871e63bfbaf2e43db895fc51b7d4c967cd3082e21a1d629f,starknet,Ejara,Ejara,wallet,wallet
0x0618144e41e8b67ee316e696907e4bda28569f300372e41854fd2982d1d528fd,starknet,Ejara,Ejara,wallet,wallet
0x00000005dd3d2f4429af886cd1a3b08289dbcea99a294197e9eb43b0e0325b4b,starknet,Ekubo,Ekubo,dex,"defi,swap"
0x0199741822c2dc722f6f605204f35e56dbc23bceed54818168c4c49e4fb8737e,starknet,Ekubo,Ekubo,dex,"defi,swap"
0x043e4f09c32d13d43a880e85f69f7de93ceda62d6cf2581a582c6db635548fdc,starknet,Ekubo,Ekubo,dex,"defi,swap"
0x005e470ff654d834983a46b8f29dfa99963d5044b993cb7b9c92243a69dab38f,starknet,Ekubo,Ekubo,dex,"defi,swap"
0x02e0af29598b407c8716b17f6d2795eca1b471413fa03fb145a5e33722184067,starknet,Ekubo,Ekubo,dex,"defi,swap"
0x075afe6402ad5a5c20dd25e10ec3b3986acaa647b77e4ae24b0cbc9a54a27a87,starknet,Ekubo,Ekubo,dex,"defi,swap"
0x050ed6ab03aef492cd062e25facf40ceef63294c53d12b514226f8fb4753266e,starknet,Ekubo,Ekubo,dex,"defi,swap"
0x07b696af58c967c1b14c9dde0ace001720635a660a8e90c565ea459345318b30,starknet,Ekubo,Ekubo,dex,"defi,swap"
0x04d8bb956e6bd7a50fcb8b49d8e9fd8269cfadbeb73f457fd6d3fc1dff4b879e,starknet,Element Market,Element Market,nft,nft
0x029edbca81c979decd6ee02205127e8b10c011bca1d337141170095eba690931,starknet,Endur,Endur,yield,"defi,yield"
0x028d709c875c0ceac3dce7065bec5328186dc89fe254527084d1689910954b0a,starknet,Endur,Endur,yield,"defi,yield"
0x0124aeb495b947201f5fac96fd1138e326ad86195b98df6dec9009158a533b49,starknet,Eternum,Eternum,gaming,gaming
0x062da0780fae50d68cecaa5a051606dc21217ba290969b302db4dd99d2e9b470,starknet,Extended,Extended,other,
0x00f6f4cf62e3c010e0ac2451cc7807b5eec19a40b0faacd00cca3914280fdf5a,starknet,Fibrous,Fibrous,dex,"defi,swap"
0x0377c2d65debb3978ea81904e7d59740da1f07412e30d01c5ded1c5d6f1ddc43,starknet,Focus Tree,Focus Tree,gaming,gaming
0x04dd39de0a588f5e1c7a8377e1bef2c49caaee49a11433429d2c48f587b3a492,starknet,ForgeYields,ForgeYields,yield,"defi,yield"
0x050707bc3b8730022f10530c2c6f6b9467644129c50c2868ad0036c5e4e9e616,starknet,ForgeYields,ForgeYields,yield,"defi,yield"
0x07fdcec0cef01294c9c3d52415215949805c77bae8003702a7928fd6d2c36bc1,starknet,ForgeYields,ForgeYields,yield,"defi,yield"
0x0038925b0bcf4dce081042ca26a96300d9e181b910328db54a6c89e5451503f5,starknet,Haiko,Haiko,dex,"defi,swap"
0x02ffce9d48390d497f7dfafa9dfd22025d9c285135bcc26c955aea8741f081d2,starknet,Haiko,Haiko,dex,"defi,swap"
0x05eb02e164f78fd91b9be6a0b9b3aa02c936db485bd760730f65711533c70a26,starknet,Haiko,Haiko,dex,"defi,swap"
0x0422d33a3638dcc4c62e72e1d6942cd31eb643ef596ccac2351e0e21f6cd4bf4,starknet,Influence,Influence,gaming,gaming
0x0241b9c4ce12c06f49fee2ec7c16337386fa5185168f538a7631aacecdf3df74,starknet,Influence,Influence,gaming,gaming
0x04369e47e647ab5fc4d36cee26590276b99a89a83fc3306462d21d366611fde3,starknet,Influence,Influence,gaming,gaming
0x07280a807c8b79379bec87919433b7b836b93a92e6d71b24ee99f4ffe33dd337,starknet,Influence,Influence,gaming,gaming
0x0603cf837055c64d026a3c5a9e3a83036cea6c4a3f68a9e19f7a687d726fe817,starknet,Influence,Influence,gaming,gaming
0x0359550b990167afd6635fa574f3bdadd83cb51850e1d00061fe693158c23f80,starknet,Jediswap,Jediswap,dex,"defi,swap"
0x01aa950c9b974294787de8df8880ecf668840a6ab8fa8290bf2952212b375148,starknet,Jediswap,Jediswap,dex,"defi,swap"
0x0469b656239972a2501f2f1cd71bf4e844d64b7cae6773aa84c702327c476e5b,starknet,Jediswap,Jediswap,dex,"defi,swap"
0x05d07d9f64be843eb189f898200ab5ed66663d2db5523ce6f90b43654462ee66,starknet,Jokers of Neon,Jokers of Neon,gaming,gaming
0x019252b1deef483477c4d30cfcc3e5ed9c82fafea44669c182a45a01b4fdb97a,starknet,Layerswap,Layerswap,bridge,bridge
0x06f7c4350d6d5ee926b3ac4fa0c9c351055456e75c92227468d84232fc493a9c,starknet,Loot Survivor,Loot Survivor,gaming,gaming
0x036017e69d21d6d8c13e266eabb73ef1f1d02722d86bdcabe5f168f8e549d3cd,starknet,Loot Survivor,Loot Survivor,gaming,gaming
0x01aa95ea66e7e01acf7dc3fda8be0d8661230c4c36b0169e2bab8ab4d6700dfc,starknet,Loot Survivor,Loot Survivor,gaming,gaming
0x046da8955829adf2bda310099a0063451923f02e648cf25a1203aac6335cf0e4,starknet,Loot Survivor,Loot Survivor,gaming,gaming
0x029023e0a455d19d6887bc13727356070089527b79e6feb562ffe1afd6711dbe,starknet,Loot Survivor,Loot Survivor,gaming,gaming
0x0103eafe79f8631932530cc687dfcdeb013c883a82619ebf81be393e2953a87a,starknet,Loot Survivor,Loot Survivor,gaming,gaming
0x016f9def00daef9f1874dd932b081096f50aec2fe61df31a81bc5707a7522443,starknet,Loot Survivor,Loot Survivor,gaming,gaming
0x049eaed2a1ba2f2eb6ac2661ffd2d79231cdd7d5293d9448df49c5986c9897ae,starknet,Loot Survivor,Loot Survivor,gaming,gaming
0x01c3c8284d7eed443b42f47e764032a56eaf50a9079d67993b633930e3689814,starknet,Loot Survivor,Loot Survivor,gaming,gaming
0x016dea82a6588ca9fb7200125fa05631b1c1735a313e24afe9c90301e441a796,starknet,Loot Survivor,Loot Survivor,gaming,gaming
0x051f5fc1ddcffcb0bf548378e0166a5e5328fb4894efbab170e3fb1a4c0cdfdf,starknet,Loot Survivor,Loot Survivor,gaming,gaming
0x04364d8e9f994453f5d0c8dc838293226d8ae0aec78030e5ee5fb91614b00eb5,starknet,LootRealms,LootRealms,gaming,gaming
0x015d9023ac1fbc6963c0ad84e3b98c47c6ff90def416e2c21f7b0da1759e4546,starknet,LootRealms,LootRealms,gaming,gaming
0x00594d857f23ba0bb3b5820b2f24af943be6102d73b92228f8ac60f9ab364f36,starknet,LootRealms,LootRealms,gaming,gaming
0x02e4727dfc9f4a6a0c8cee69c6987f487637ccd5e220808fd975bf267cf70431,starknet,LootRealms,LootRealms,gaming,gaming
0x0643bce119f53a1ec83f57c4c42f694659c2da543d6f8a85b335d3f4bef12548,starknet,LootRealms,LootRealms,gaming,gaming
0x062d69c12007e40bd6689499829bf5ed56a5908ce307bc5bd614fc50f299333b,starknet,LootRealms,LootRealms,gaming,gaming
0x041845afb6e2b85adbd473941344c8ab017914977280fe8d9b724b27822458e1,starknet,LootRealms,LootRealms,gaming,gaming
0x049ff5b3a7d38e2b50198f408fa8281635b5bc81ee49ab87ac36c8324c214427,starknet,Nostra,Nostra,lending,"defi,lending"
0x05e03162008d76cf645fe53c6c13a7a5fce745e8991c6ffe94400d60e44c210a,starknet,Nostra,Nostra,lending,"defi,lending"
0x01583919ffd78e87fa28fdf6b6a805fe3ddf52f754a63721dcd4c258211129a6,starknet,Nostra,Nostra,lending,"defi,lending"
0x042543c7d220465bd3f8f42314b51f4f3a61d58de3770523b281da61dbf27c8a,starknet,Nostra,Nostra,lending,"defi,lending"
0x01a2de9f2895ac4e6cb80c11ecc07ce8062a4ae883f64cb2b1dc6724b85e897d,starknet,Nostra,Nostra,lending,"defi,lending"
0x073f6addc9339de9822cab4dac8c9431779c09077f02ba7bc36904ea342dd9eb,starknet,Nostra,Nostra,lending,"defi,lending"
0x059a943ca214c10234b9a3b61c558ac20c005127d183b86a99a8f3c60a08b4ff,starknet,Nostra,Nostra,lending,"defi,lending"
0x063d69ae657bd2f40337c39bf35a870ac27ddf91e6623c2f52529db4c1619a51,starknet,Nostra,Nostra,lending,"defi,lending"
0x05ef8800d242c5d5e218605d6a10e81449529d4144185f95bf4b8fb669424516,starknet,Nostra,Nostra,lending,"defi,lending"
0x00c318445d5a5096e2ad086452d5c97f65a9d28cafe343345e0fa70da0841295,starknet,Nostra,Nostra,lending,"defi,lending"
0x024e9b0d6bc79e111e6872bb1ada2a874c25712cf08dfc5bcf0de008a7cca55f,starknet,Nostra,Nostra,lending,"defi,lending"
0x068400056dccee818caa7e8a2c305f9a60d255145bac22d6c5c9bf9e2e046b71,starknet,Nostra,Nostra,lending,"defi,lending"
0x07ae43abf704f4981094a4f3457d1abe6b176844f6cdfbb39c0544a635ef56b0,starknet,Nostra,Nostra,lending,"defi,lending"
0x057146f6409deb4c9fa12866915dd952aa07c1eb2752e451d7f3b042086bdeb8,starknet,Nostra,Nostra,lending,"defi,lending"
0x04b64b2f861d2ac56cee58a02d8474d83dc16cc84ecd8d3ef2024f70aed92378,starknet,Nostra,Nostra,lending,"defi,lending"
0x00c530f2c0aa4c16a0806365b0898499fba372e5df7a7172dc6fe9ba777e8007,starknet,Nostra,Nostra,lending,"defi,lending"
0x0453c4c996f1047d9370f824d68145bd5e7ce12d00437140ad02181e1d11dc83,starknet,Nostra,Nostra,lending,"defi,lending"
0x00d8621fa1f45928c462a6db8e78b5a4bb09b6032ba2344707204757cc2adfe3,starknet,Nostra,Nostra,lending,"defi,lending"
0x052b136b37a7e6ea52ce1647fb5edc64efe23d449fc1561d9994a9f8feaa6753,starknet,Nostra,Nostra,lending,"defi,lending"
0x0577521a1f005bd663d0fa7f37f0dbac4d7f55b98791d280b158346d9551ff2b,starknet,Nostra,Nostra,lending,"defi,lending"
0x002fc2d4b41cc1f03d185e6681cbd40cced61915d4891517a042658d61cba3b1,starknet,Nostra,Nostra,lending,"defi,lending"
0x002bebc40e96b6f2247cc1992d720aed76d9edd7ee9c68cc949deea54defb965,starknet,Nostra,Nostra,lending,"defi,lending"
0x05dcd26c25d9d8fd9fc860038dcb6e4d835e524eb8a85213a8cda5b7fff845f6,starknet,Nostra,Nostra,lending,"defi,lending"
0x00ba3037d968790ac486f70acaa9a1cab10cf5843bb85c986624b4d0e5a82e74,starknet,Nostra,Nostra,lending,"defi,lending"
0x0360f9786a6595137f84f2d6931aaec09ceec476a94a98dcad2bb092c6c06701,starknet,Nostra,Nostra,lending,"defi,lending"
0x07f232e7857effe04f7351e9bb2f1ebc2589bacca3380ae84efcc22067c1436e,starknet,Nostra,Nostra,lending,"defi,lending"
0x01fecadfe7cda2487c66291f2970a629be8eecdcb006ba4e71d1428c2b7605c7,starknet,Nostra,Nostra,lending,"defi,lending"
0x0285aa1c4bbeef8a183fb7245f096ddc4c99c6b2fedd1c1af52a634c83842804,starknet,Nostra,Nostra,lending,"defi,lending"
0x05ae9c593b2bef20a8d69ae7abf1e6da551481f9efd83d03a9f05b6d7c9a78ec,starknet,Nostra,Nostra,lending,"defi,lending"
0x03d51776d3ce07c211d5dbdf40a9333ec6d6d3a0b2853de1d6706f9ea3b88d45,starknet,Nostra,Nostra,lending,"defi,lending"
0x03f8c9062f1bfe45f82cd70ed97ff053bc5836783ec66adfe3288eb1b43aa83b,starknet,Nostra,Nostra,lending,"defi,lending"
0x05b7d301fa769274f20e89222169c0fad4d846c366440afc160aafadd6f88f0c,starknet,Nostra,Nostra,lending,"defi,lending"
0x0491480f21299223b9ce770f23a2c383437f9fbf57abc2ac952e9af8cdb12c97,starknet,Nostra,Nostra,lending,"defi,lending"
0x04f18ffc850cdfa223a530d7246d3c6fc12a5969e0aa5d4a88f470f5fe6c46e9,starknet,Nostra,Nostra,lending,"defi,lending"
0x066037c083c33330a8460a65e4748ceec275bbf5f28aa71b686cbc0010e12597,starknet,Nostra,Nostra,lending,"defi,lending"
0x01325caf7c91ee415b8df721fb952fa88486a0fc250063eafddd5d3c67867ce7,starknet,Nostra,Nostra,lending,"defi,lending"
0x0142af5b6c97f02cac9c91be1ea9895d855c5842825cb2180673796e54d73dc5,starknet,Nostra,Nostra,lending,"defi,lending"
0x044debfe17e4d9a5a1e226dabaf286e72c9cc36abbe71c5b847e669da4503893,starknet,Nostra,Nostra,lending,"defi,lending"
0x005c4676bcb21454659479b3cd0129884d914df9c9b922c1c649696d2e058d70,starknet,Nostra,Nostra,lending,"defi,lending"
0x0514bd7ee8c97d4286bd481c54aa0793e43edbfb7e1ab9784c4b30469dcf9313,starknet,Nostra,Nostra,lending,"defi,lending"
0x05f296e1b9f4cf1ab452c218e72e02a8713cee98921dad2d3b5706235e128ee4,starknet,Nostra,Nostra,lending,"defi,lending"
0x04619e9ce4109590219c5263787050726be63382148538f3f936c22aa87d2fc2,starknet,Nostra,Nostra,lending,"defi,lending"
0x0735d0f09a4e8bf8a17005fa35061b5957dcaa56889fc75df9e94530ff6991ea,starknet,Nostra,Nostra,lending,"defi,lending"
0x05a039ff36caf644c6f736c4afb82a7076904a99da4e3ff0a7da57b4017f8d39,starknet,Nostra,Nostra,lending,"defi,lending"
0x00365a0163903df975000160ff8f4480fda4d903c9d5a0643cd13908ecb41f28,starknet,Nostra,Nostra,lending,"defi,lending"
0x02a93ef8c7679a5f9b1fcf7286a6e1cadf2e9192be4bcb5cb2d1b39062697527,starknet,Nostra,Nostra,lending,"defi,lending"
0x06eda767a143da12f70947192cd13ee0ccc077829002412570a88cd6539c1d85,starknet,Nostra,Nostra,lending,"defi,lending"
0x076def79cc9a3a375779c163ad12996f99fbeb4acd68d7041529159bde897160,starknet,Nostra,Nostra,lending,"defi,lending"
0x0362ec0c49a9c8f2d322d0ba6a8ec1214b9e4f7e80a17d462ec2585362547d95,starknet,Nostra,Nostra,lending,"defi,lending"
0x06669cb476aa7e6a29c18b59b54f30b8bfcfbb8444f09e7bbb06c10895bf5d7b,starknet,Nostra,Nostra,lending,"defi,lending"
0x022ccca3a16c9ef0df7d56cbdccd8c4a6f98356dfd11abc61a112483b242db90,starknet,Nostra,Nostra,lending,"defi,lending"
0x016e7a7f6f1c205ab9cbbf8e1c170eb6a88a3f51706be8dfa59fc3f1b20a35d7,starknet,Nostra,Nostra,lending,"defi,lending"
0x05737b6463e8aab45d9237180ac68515a49fa3e0656f06b5831c15c69af83332,starknet,Nostra,Nostra,lending,"defi,lending"
0x03830e4eda8e20783529b5316c0469f6f471b72c89be5369fbd5246c77b21936,starknet,OnChainGM,OnChainGM,social,social
0x06428ec3221f369792df13e7d59580902f1bfabd56a81d30224f4f282ba380cd,starknet,Opus,Opus,derivatives,"defi,options"
0x0498edfaf50ca5855666a700c25dd629d577eb9afccdf3b5977aec79aee55ada,starknet,Opus,Opus,derivatives,"defi,options"
0x07558a9da2fac57f5a4381fef8c36c92ca66adc20978063982382846f72a4448,starknet,Opus,Opus,derivatives,"defi,options"
0x02d1e95661e7726022071c06a95cdae092595954096c373cde24a34bb3984cbf,starknet,Opus,Opus,derivatives,"defi,options"
0x05bc1c8a78667fac3bf9617903dbf2c1bfe3937e1d37ada3d8b86bf70fb7926e,starknet,Opus,Opus,derivatives,"defi,options"
0x0315ce9c5d3e5772481181441369d8eea74303b9710a6c72e3fcbbdb83c0dab1,starknet,Opus,Opus,derivatives,"defi,options"
0x031a96fe18fe3fdab28822c82c81471f1802800723c8f3e209f1d9da53bc637d,starknet,Opus,Opus,derivatives,"defi,options"
0x04d0bb0a4c40012384e7c419e6eb3c637b28e8363fb66958b60d90505b9c072f,starknet,Opus,Opus,derivatives,"defi,options"
0x066e3e2ea2095b2a0424b9a2272e4058f30332df5ff226518d19c20d3ab8e842,starknet,Opus,Opus,derivatives,"defi,options"
0x000a5e1c1ffe1384b30a464a61b1af631e774ec52c0e7841b9b5f02c6a729bc0,starknet,Opus,Opus,derivatives,"defi,options"
0x05b4ff547559e1b0681e8f62a0d420f83009a6491f4927f3f158b932abff5f7f,starknet,POW!,POW!,other,
0x068a7a07e08fc3e723a878223d00f669106780d5ea6665eb15d893476d47bf3b,starknet,Pistols at Dawn,Pistols at Dawn,gaming,gaming
0x07aaa9866750a0db82a54ba8674c38620fa2f967d2fbb31133def48e0527c87f,starknet,Pistols at Dawn,Pistols at Dawn,gaming,gaming
0x07e2dd623390edcbadde1def93aa6c8a1866c664273d9a4e5f8129a060d25916,starknet,PonziLand,PonziLand,gaming,gaming
0x04479801e8674c839115bc6270b9bde0d3288cc974cc8c3c03e615c44038c0ce,starknet,PonziLand,PonziLand,gaming,gaming
0x04708f47cafbd0f07b42f7831dff8624950e5e847ea761aac22979507bbd1ab5,starknet,PonziLand,PonziLand,gaming,gaming
0x012bfd17cf83c6e263b91778069aef02a52f9eb9bfa28d1fd5303d3afe387c8c,starknet,PonziLand,PonziLand,gaming,gaming
0x02a85bd616f912537c50a49a4076db02c00b29b2cdc8a197ce92ed1837fa875b,starknet,Pragma,Pragma,oracle,oracle
0x024a55b928496ef83468fdb9a5430fe031ac386b8f62f5c2eb7dd20ef7237415,starknet,Pragma,Pragma,oracle,oracle
0x013a0314dd07c6639921bd0e7eb8c865b28b3c7a413238baf804de3464d428dd,starknet,Privacy Pools,Privacy Pools,privacy,privacy
0x02bcaef2eb7706875a5fdc6853dd961a0590f850bc3a031c59887189b5e84ba1,starknet,Re7 Labs,Re7 Labs,lending,"defi,lending"
0x01248e385c23a929a015ec298a26560fa7745bbd6e41a886550e337b02714b1b,starknet,Re7 Labs,Re7 Labs,lending,"defi,lending"
0x01c9232b8186d9317652f05055615f18a120c2ad9e5ee96c39e031c257fb945b,starknet,Re7 Labs,Re7 Labs,lending,"defi,lending"
0x04ce3024b0ee879009112d7b0e073f8a87153dd35b029347d4247ffe48d28f51,starknet,Re7 Labs,Re7 Labs,lending,"defi,lending"
0x0160d8fa4569ef6a12e6bf47cb943d7b5ebba8a41a69a14c1d943050ba5ff947,starknet,Re7 Labs,Re7 Labs,lending,"defi,lending"
0x0351b36d0d9d8b40010658825adeeddb1397436cd41acd0ff6c6e23aaa8b5b30,starknet,Re7 Labs,Re7 Labs,lending,"defi,lending"
0x04718f5a0fc34cc1af16a1cdee98ffb20c31f5cd61d6ab07201858f4287c938d,starknet,STRK Token,STRK Token,token,token
0x04f5e0de717daa6aa8de63b1bf2e8d7823ec5b21a88461b1519d9dbc956fb7f2,starknet,Spiko,Spiko,rwa,rwa
0x020ff2f6021ada9edbceaf31b96f9f67b746662a6e6b2bc9d30c0d3e290a71f6,starknet,Spiko,Spiko,rwa,rwa
0x073314940630fd6dcda0d772d4c972c4e0a9946bef9dabf4ef84eda8ef542b82,starknet,StarkGate,StarkGate,bridge,bridge
0x074761a8d48ce002963002becc6d9c3dd8a2a05b1075d55e5967f42296f16bd0,starknet,StarkGate,StarkGate,bridge,bridge
0x0616757a151c21f9be8775098d591c2807316d992bbc3bb1a5c1821630589256,starknet,StarkGate,StarkGate,bridge,bridge
0x0088eedbe2fe3918b69ccb411713b7fa72079d4eddf291103ccbe41e78a9615c,starknet,StarkGate,StarkGate,bridge,bridge
0x05cd48fccbfd8aa2773fe22c217e808319ffcc1c5a6a463f7d8fa2da48218196,starknet,StarkGate,StarkGate,bridge,bridge
0x0594c1582459ea03f77deaf9eb7e3917d6994a03c13405ba42867f83d85f085d,starknet,StarkGate,StarkGate,bridge,bridge
0x067eb1988556edd7543a3c9ee24cc078be35fd49f0b7f264cc0434aeb6dfb09e,starknet,StarkGate,StarkGate,bridge,bridge
0x075ac198e734e289a6892baa8dd14b21095f13bf8401900f5349d5569c3f6e60,starknet,StarkGate,StarkGate,bridge,bridge
0x06b734db9fd1244f26622204a89dc6e212620f1413ec8cbc46f2c0bb53fc7deb,starknet,Starknet,Starknet,infrastructure,infrastructure
0x06ac597f8116f886fa1c97a23fa4e08299975ecaf6b598873ca6792b9bbfb678,starknet,Starknet ID,Starknet ID,infrastructure,infrastructure
0x05dbdedc203e92749e2e746e2d40a768d966bd243df04a6b712e222bc040a9af,starknet,Starknet ID,Starknet ID,infrastructure,infrastructure
0x02cb02c72e8a0975e69e88298443e984d965a49eab38f5bdde1f5072daa09cfe,starknet,Starknet Staking,Starknet Staking,staking,"defi,staking"
0x01f083b98674bc21effee29ef443a00c7b9a500fd92cf30341a3da12c73f2324,starknet,Troves,Troves,portfolio,defi
0x07346e65e80eb61cdfcc56f6f21de07b312e93fe770fb17a6e43c1950acfdbab,starknet,Uncap,Uncap,yield,"defi,yield"
0x06716836514e75e9f4eaa0fe93aa0448480a321b669041d6b5f27aa75374ac66,starknet,Uncap,Uncap,yield,"defi,yield"
0x0586fc03b4e6901ef423890c19e8fcf528a269329ab23ff7cb2df975ec3d4d62,starknet,Uncap,Uncap,yield,"defi,yield"
0x0780627de12ac84a7887b7f83496a8ece5ea3c5eb7170f9f00587dabfdbe18d1,starknet,Uncap,Uncap,yield,"defi,yield"
0x001ba4a9e2e86a41c6ed15016eda0404d12bf7b01052cccff1ace84d818335c7,starknet,Uncap,Uncap,yield,"defi,yield"
0x042a37aa9263b01191286f0f800cc85c676441fb9d27d74bbf3ebcbf4e373d81,starknet,Uncap,Uncap,yield,"defi,yield"
0x033fce86e1de643d13ef366059193fc0ca42a08888c0a589866d940e865ceb38,starknet,Uncap,Uncap,yield,"defi,yield"
0x075d9e518f46a9ca0404fb0a7d386ce056dadf57fd9a0e8659772cb517be4a18,starknet,Uncap,Uncap,yield,"defi,yield"
0x05a98d258b4cc6c8b8b654fa1ee36146c79e8c5315a610d7ee03df9b4b27a11e,starknet,Uncap,Uncap,yield,"defi,yield"
0x04a1e17f1e4d5fdd839fa6a4c52a742b9d10871028b6ffcfb2f1de8dd5dc2cd4,starknet,Uncap,Uncap,yield,"defi,yield"
0x06914f468ba28ad42149db6ed642c3c4f123a2c91f3e569d02e90881531c960e,starknet,Uncap,Uncap,yield,"defi,yield"
0x0477a98816f0298d678a8c74bd06e898ee4e3bb62fdb9bb05c397f3135ae8398,starknet,Uncap,Uncap,yield,"defi,yield"
0x02ceed65a4bd731034c01113685c831b01c15d7d432f71afb1cf1634b53a2125,starknet,Universal Deployer,Universal Deployer,infrastructure,infrastructure
0x000d8d6dfec4d33bfb6895de9f3852143a17c6f92fd2a21da3d6924d34870160,starknet,Vesu,Vesu,lending,"defi,lending"
0x058c80ed9801b32b441566d320ae236c73257981800dcda63c9f02dd154c3f39,starknet,Vesu,Vesu,lending,"defi,lending"
0x02458a105b42db469fb1f8b35ab3ce126dab5a0881ad3c2bbf36bec0a34168c5,starknet,art/peace,art/peace,nft,nft
0x057b14a4231b82f1e525ff35a722d893ca3dd2bde0baa6cee97937c5be861dbc,starknet,atomiq.exchange,atomiq.exchange,dex,"defi,swap"
0x05aed2861d17a82b537528597f6710185088429b1c404bed9751518c87902cba,starknet,snapshotX,snapshotX,governance,governance
0x00585c32b625999e6e5e78645ff8df7a9001cf5cf3eb6b80ccdd16cb64bd3a34,starknet,zkLend,zkLend,lending,"defi,lending"
0x07920a284a58c07b5212c070621df91471008d2ad9620d299d9a8aa0acf58abc,starknet,Unknown Validator (staker),Unknown Validator,staking,"staking,validator,staker"
0x067479c9ebd852bf0e17467f5624a7441bd63a6d4c1f1bb0d85ddb48fa8c414e,starknet,Unknown Validator (staker),Unknown Validator,staking,"staking,validator,staker"
0x02d3231a0661e52f4326e1a5d40dd6e05396bf994535662fb1e1cf746c14d082,starknet,WDMASTER (staker),WDMASTER,staking,"staking,validator,staker,has-delegators"
0x053884dfd9b476a223a13793973fb5f5cff2fe0d4ef3f7e377de8678de3a0a5b,starknet,Unknown Validator (staker),Unknown Validator,staking,"staking,validator,staker,has-delegators"
0x07bcc23ef59476c2dc09218afae71405e295ed58442ece796ce22a0b04adb571,starknet,Nonnyjoe (staker),Nonnyjoe,staking,"staking,validator,staker,has-delegators"
0x0329de61cdda3e8ff4e69b57cb21bded4ba026fc13f007344053e59737597bb0,starknet,node101 (staker),node101,staking,"staking,validator,staker,has-delegators"
0x07a2d301fd29171ab96d9f1b24d1db5d2649e6ea97630de620cbcae54c680f55,starknet,AnyValid (staker),AnyValid,staking,"staking,validator,staker,has-delegators"
0x01012c7ce5ed1a11964e5609d58a4db9154f373f41adee673416b1e07fcf6d90,starknet,Trust Your Technolust (staker),Trust Your Technolust,staking,"staking,validator,staker,has-delegators"
0x071995e702c5c3f27a991c33aa080b278435ce014e422ef1dfe80ff1420e3fc1,starknet,Anchorage Digital (staker),Anchorage Digital,staking,"staking,validator,staker,has-delegators"
0x06cd7eb999b4236b94feaf233ed08330e2f1963d26dd6464b002b4b2d17fd517,starknet,BitBoard (staker),BitBoard,staking,"staking,validator,staker,has-delegators"
0x00af5b577ec756cef1c21dc3e7bd13e02b2f3677926b8d6ee2ff2a4256b7f1ca,starknet,OwlStake (staker),OwlStake,staking,"staking,validator,staker,has-delegators"
0x064204710398bbd2a3af22b9335f4d75234f16e5badb5210b686232f2333d9f1,starknet,Nansen (staker),Nansen,staking,"staking,validator,staker,has-delegators"
0x076ffc55e02865335b712858e26eb08557528c72c02a623c03b27f7a6a06d9fd,starknet,BareMetal.live (staker),BareMetal.live,staking,"staking,validator,staker,has-delegators"
0x03d08c023aa3224427b6e91c8fd1b0695140b1dd5c4e69fd4e733dc6a98ea52c,starknet,Ejara (staker),Ejara,staking,"staking,validator,staker,has-delegators"
0x034665048d58e0a49ba655148be40cd72ca33c2bfd4155bec5afcaecc70fe557,starknet,Unknown Validator (staker),Unknown Validator,staking,"staking,validator,staker,has-delegators"
0x05b4eb37d7831e788a4db1a9c60d09fac99f39e8dab0ed8698461b8b19fc2c5e,starknet,Unknown Validator (staker),Unknown Validator,staking,"staking,validator,staker,has-delegators"
0x0522d39c2da786214ce1de458a0becb7a1d00e446d6fd251fed7d6b1e550d9ca,starknet,Unknown Validator (staker),Unknown Validator,staking,"staking,validator,staker,has-delegators"
0x0359e252e663765989b04c266a4daec77662b506ce5f026994cb8ad53628df2a,starknet,Encapsulate (staker),Encapsulate,staking,"staking,validator,staker,has-delegators"
0x0498813036899394ca6e2386414d5fc254ab63e07954f675c5042319ca4ddce6,starknet,Unknown Validator (staker),Unknown Validator,staking,"staking,validator,staker,has-delegators"
0x03fd204025bf226e71a45f94564c1199b95b80a05c45db3d827e4004c6b30ece,starknet,Stakely (staker),Stakely,staking,"staking,validator,staker,has-delegators"
0x03127b2a195d8dfa8a78d22c6883d97ae4fa3219f9e6463d7bb821dbfd0d3cce,starknet,StakeAngle (staker),StakeAngle,staking,"staking,validator,staker,has-delegators"
0x022455c0b04c10d97f1cab7dba71d0216a6267c753de397110c63b1412c8b657,starknet,Unknown Validator (staker),Unknown Validator,staking,"staking,validator,staker"
0x007c66f725d04d02716aafb4ae3a6c9f69f19ed231514778c096f23db84298c9,starknet,Unknown Validator (staker),Unknown Validator,staking,"staking,validator,staker"
0x07334d1737505b1e6373929446079c46b9ca9cf1f1e5e312f9b9b242424f72bf,starknet,Unknown Validator (staker),Unknown Validator,staking,"staking,validator,staker,has-delegators"
0x043b0063dc54167904d67344fff77e0a628182008f85dd0d650e4f84f7f70066,starknet,Figment (staker),Figment,staking,"staking,validator,staker,has-delegators"
0x074f53494d13a3789e693e6cfca510d80fcc8eff6c09e6e1f406492595b518bc,starknet,Chainbase Staking (staker),Chainbase Staking,staking,"staking,validator,staker,has-delegators"
0x00edd59ca1932462718c81ef4d7f463fed50e29f8a11b24d7cb5d8373923b786,starknet,Ventory (staker),Ventory,staking,"staking,validator,staker,has-delegators"
0x02a872d356ac4bf4fb074dc2606ddfbabda5dde9069043b5eb4d1d8d3a35d3ea,starknet,StarkWare (staker),StarkWare,staking,"staking,validator,staker"
0x07a97a7662e7f634c8f1d136cbd1f4d46b4c9551ba5f7df0c32b3d6a07f0f1cd,starknet,StingRay (staker),StingRay,staking,"staking,validator,staker,has-delegators"
0x021a5797cd9e8f74117bfa2771fb7fe0d3eff6bee06de4b52657fcd97234dad2,starknet,M E D I U M ⬩ R A R E (staker),M E D I U M ⬩ R A R E,staking,"staking,validator,staker,has-delegators"
0x039f52a8228ea7c4ed6eadbaf3963d7a668e7ef6f476ef0927aa274c0fe481ce,starknet,Unknown Validator (staker),Unknown Validator,staking,"staking,validator,staker"
0x057f253980fd33c375e881bd162d9e2e7bc6a151196a484aa204c74f389b3cf3,starknet,Unknown Validator (staker),Unknown Validator,staking,"staking,validator,staker,has-delegators"
0x03761ed9a13ce0e0006c15b3db9222b110bb909f3ca23cd06496b37b3372c733,starknet,Unknown Validator (staker),Unknown Validator,staking,"staking,validator,staker"
0x07d915cdeae00b4460979985a18bcc71597153aaa4d02ca293bfd943c1286316,starknet,StakeUp (staker),StakeUp,staking,"staking,validator,staker,has-delegators"
0x066c107682457a2cecb99f803f312bf98e92a3692f18c8ae4cee5c9f056ae0a5,starknet,Simply Staking (staker),Simply Staking,staking,"staking,validator,staker,has-delegators"
0x020c7fdfc6fbc1b417c639327be4ba21722daab011f4eb0e6d12983ae37ad452,starknet,Unknown Validator (staker),Unknown Validator,staking,"staking,validator,staker"
0x02db5d9947e213aa9c309f656b8b80592c891d02635c41289748dc0805289753,starknet,stakefish (staker),stakefish,staking,"staking,validator,staker,has-delegators"
0x072c6aa4f9f84fad52de9e70b1fc97347e20716935801c4df0cce5b171718e4e,starknet,onchainaustria (staker),onchainaustria,staking,"staking,validator,staker,has-delegators"
0x0786e60c09a183406dce74b279a3010ad2e20fb3d3b831ecd5a2d94a0f7abd0d,starknet,alphateam (staker),alphateam,staking,"staking,validator,staker,has-delegators"
0x0443b3a19a8ef82abab80b1741bef9a99cc533a4e822a4e139fa96017b2007b5,starknet,Nodiums (staker),Nodiums,staking,"staking,validator,staker,has-delegators"
0x008dc7841f346706b718efc94062796ca6cba553728056b1ad8f99926f16f483,starknet,deNodes (staker),deNodes,staking,"staking,validator,staker,has-delegators"
0x04c05a0f3c1297211a2d8568133451056c488038658493bf2e2d93dd5e9b874a,starknet,Unknown Validator (staker),Unknown Validator,staking,"staking,validator,staker"
0x0475a1ba31db59f0eda3b3b260ad3abb30a2a67983cd51d753fdb4adad92a524,starknet,Saniksin (staker),Saniksin,staking,"staking,validator,staker,has-delegators"
0x02e01dccd5cf2e9bca2f4b23f08e6783064622f1ebc631967dee26f06933425b,starknet,Unknown Validator (staker),Unknown Validator,staking,"staking,validator,staker,has-delegators"
0x012ae285a6692f2ac00811aa75e8a3c8d94367cba22e22e581e2b51e3bde5103,starknet,Attendantes (staker),Attendantes,staking,"staking,validator,staker,has-delegators"
0x023a5db82cc948dfc52fe43e3567df672611e530432034e6b947e28e8e069661,starknet,ChainLabo (staker),ChainLabo,staking,"staking,validator,staker,has-delegators"
0x03de178f19fba1ad51b8d2c1887127f7d964d86d3befb026438950b84886683c,starknet,Unknown Validator (staker),Unknown Validator,staking,"staking,validator,staker,has-delegators"
0x0369b7955e5dc75cdc6c36d3d30c4fb498b9026bd3b4824525b8385c9e805aba,starknet,Unknown Validator (staker),Unknown Validator,staking,"staking,validator,staker,has-delegators"
0x011afa6f1d98aa7235cca417a409d075468c87971fe97b62a7704a4902982159,starknet,PiXELCARTEL (staker),PiXELCARTEL,staking,"staking,validator,staker,has-delegators"
0x041633461e3a1136edc1c31b3c26db2c07e0c179b0036255994bdb01e714d3d4,starknet,Perfect-nodes (staker),Perfect-nodes,staking,"staking,validator,staker,has-delegators"
0x06e20a6ec12b425e89fd60378a3839863a0e880f27bd0e529a92f018c36122e8,starknet,Unknown Validator (staker),Unknown Validator,staking,"staking,validator,staker,has-delegators"
0x04b00f97e2d2168b91fe64ceeace4a41fc274a85bbdd0adc402c3d0cf9f91bbb,starknet,Braavos (staker),Braavos,staking,"staking,validator,staker,has-delegators"
0x06718b56e3bc22a4e17cd8ace3fab49132e455468496508e829e7a316e4d7f27,starknet,Unknown Validator (staker),Unknown Validator,staking,"staking,validator,staker"
0x071768d9d5468cac52c7f4b0f1265fecd7cb1a9733dfa453a27aaf900a6946a8,starknet,P2P.org (staker),P2P.org,staking,"staking,validator,staker,has-delegators"
0x024ed354f5b69825100a1833248bb773ef11722b8b1efc845b97acc5976695c2,starknet,Unknown Validator (staker),Unknown Validator,staking,"staking,validator,staker,has-delegators"
0x05aac4ebc80e3ac465be66ee959523c2f904adfc817d9e4d80d7cfc327a2def7,starknet,CroutonDigital (staker),CroutonDigital,staking,"staking,validator,staker,has-delegators"
0x073eb291861d13aa2584626fb8759acbdad2c513a487254a993d6fd2c6dc3be4,starknet,Unknown Validator (staker),Unknown Validator,staking,"staking,validator,staker,has-delegators"
0x0018b139707cf26a62b7b38b5bd7859dab1b4965f29db4d330534ff38a10a22d,starknet,ByAnastasiia (staker),ByAnastasiia,staking,"staking,validator,staker,has-delegators"
0x033ded0686310da0b30d71197e9ed357f6c341ef75ff91b22eb9659837367111,starknet,Unknown Validator (staker),Unknown Validator,staking,"staking,validator,staker,has-delegators"
0x0785ba32c2d07462534d523b48f908ff4a6360cb702749e83566239341ed6aae,starknet,Binance (staker),Binance,staking,"staking,validator,staker,has-delegators"
0x069b9d9fc5064a3c9025ff44c58f0088467a730fddc1e26652afeae003e1ec25,starknet,Validation Cloud (staker),Validation Cloud,staking,"staking,validator,staker,has-delegators"
0x0655ab8f44bdaeab14c4826383a65af75c21cef9b0cabb018519eed7120c93e3,starknet,Stakecito (staker),Stakecito,staking,"staking,validator,staker,has-delegators"
0x013d212e2d1bcf50cc5af3c01b3b27f4a7484e3df8dd926b0d83fb7f6c6b5fc7,starknet,OlehZusko (staker),OlehZusko,staking,"staking,validator,staker,has-delegators"
0x00bb6c4af7ea20ce5f02cb706c7cdc897ee6a5c44c4dceb9fb87e58f0c8102cf,starknet,Cypher Networks (staker),Cypher Networks,staking,"staking,validator,staker,has-delegators"
0x0223d82a4ea1c98b163a4c7b9921202613f2b335292216e215a9a03d20fea2b2,starknet,Unknown Validator (staker),Unknown Validator,staking,"staking,validator,staker,has-delegators"
0x0610e4e6326a757317a09c451fd242e7c6c4118372dec8660be3bf2e99261268,starknet,medium (staker),medium,staking,"staking,validator,staker,has-delegators"
0x05f2ad06bf940fac034fff7bda84a4c854720067933008823ec386673fe9dd4e,starknet,Unknown Validator (staker),Unknown Validator,staking,"staking,validator,staker,has-delegators"
0x00d3b910d8c528bf0216866053c3821ac6c97983dc096bff642e9a3549210ee7,starknet,Ready (staker),Ready,staking,"staking,validator,staker,has-delegators"
0x0156cf8352b3c55b8a00bc1cb7fa8d157fd6a454a078874abe7e35c0d8f77e69,starknet,Piconbello (staker),Piconbello,staking,"staking,validator,staker,has-delegators"
0x003858ccd8211c5ddb97af0ccd5cf8f00f2093d0d10d712f048d4bf8e3eee1f5,starknet,Nodz (staker),Nodz,staking,"staking,validator,staker,has-delegators"
0x043a242b45c03683e2acc96bb7d207c0cfec6d554b224c76c3b690960b485adb,starknet,Bitwise Onchain Solutions (staker),Bitwise Onchain Solutions,staking,"staking,validator,staker,has-delegators"
0x04e5a86ed9e29127e0157a6c26a82cda109febde872d30b7a27549082951057d,starknet,wombat (staker),wombat,staking,"staking,validator,staker,has-delegators"
0x054fe9375a6b69d5126f54fc447a99ad55bc24b4282f6d9ade977817d780f8dc,starknet,Europa Validator (staker),Europa Validator,staking,"staking,validator,staker,has-delegators"
0x05012a0911c6557f3f9f250b7b477681b79eb1e8af78cd02ed6d6092bb92f505,starknet,Moonlet (staker),Moonlet,staking,"staking,validator,staker,has-delegators"
0x03f7f4e5a23a712787f0c100f02934c4a88606b7f0c880c2fd43e817e6275d83,starknet,Cartridge (staker),Cartridge,staking,"staking,validator,staker,has-delegators"
0x068b5f8e8eb23a42ad290800f229f09b1bcc8d43537dd27a127769ffa13b59f1,starknet,Teku (staker),Teku,staking,"staking,validator,staker,has-delegators"
0x004272a304e8e9eee7b77ce26df3450af12c9eb6bb608c3ccb7323fd3b7f4089,starknet,ianaz (staker),ianaz,staking,"staking,validator,staker,has-delegators"
0x052e77b9ad9e736efa1e7444227b9a06ea0aae7fb0de5e85c63145dc3b86e081,starknet,Asgard (staker),Asgard,staking,"staking,validator,staker,has-delegators"
0x00c9cc6346f4313643e0bc5745926e8fc83063ebb827bbd9dd88159789299483,starknet,Unknown Validator (staker),Unknown Validator,staking,"staking,validator,staker"
0x060b86bbcc85ea9ef0f6bb4bd7eaaf3bd4c917ee304d28470b94c8aa4d0910b1,starknet,Curiosity (staker),Curiosity,staking,"staking,validator,staker,has-delegators"
0x01aca15766cb615c3b7ca0fc3680cbde8b21934bb2e7b41594b9d046d7412c00,starknet,Twinstake (staker),Twinstake,staking,"staking,validator,staker,has-delegators"
0x075b3bede63fb294755393668ed2932f1312f053fe74889714cf120697bd095c,starknet,anvel (staker),anvel,staking,"staking,validator,staker"
0x011984bfc315a132677992d8a3da8487bf3ad39842cbc4c3cdfde56d67525fab,starknet,Auri_0x (staker),Auri_0x,staking,"staking,validator,staker,has-delegators"
0x02d86897daadee2dffdb5c5b734ab568fe849808105977e0384f8e5d1a0d33d7,starknet,sluh.ai (staker),sluh.ai,staking,"staking,validator,staker,has-delegators"
0x01cbe729644953f0609b13f48d6be5b8b0ee3c8fa6a3f5df025572d4ddb9c2e4,starknet,Unknown Validator (staker),Unknown Validator,staking,"staking,validator,staker,has-delegators"
0x0025ba2f802c73e24ae23ed4f43f6b7e9d38b14f8fea947c322d80c809571c54,starknet,R1M (staker),R1M,staking,"staking,validator,staker,has-delegators"
0x015cc95c70120ec985bdd6115232dd5f875bd58820aa4c62b6565d0fe33c3ac4,starknet,Carbonable (staker),Carbonable,staking,"staking,validator,staker,has-delegators"
0x01d83071fef0e55608b3971c80a894285cce7ae11f59d0cc2beb83c68214bb0a,starknet,SenseiNode (staker),SenseiNode,staking,"staking,validator,staker,has-delegators"
0x0043b2d0a0c549298567fa7b4b992f4fddf9e38f9819b7749cdf885e2b0023dd,starknet,InfraSingularity (staker),InfraSingularity,staking,"staking,validator,staker,has-delegators"
0x04a044a2641974655f8429a04f3e7300e888f93bf7e13d95438ba47d1830a402,starknet,OnNode (staker),OnNode,staking,"staking,validator,staker,has-delegators"
0x07cd517c4373c8f6e879b24cefae63cedb3ef7e06f5fef033cde6ab734da441e,starknet,Bubble Studio (staker),Bubble Studio,staking,"staking,validator,staker,has-delegators"
0x03a2ae55dff8b41d936e700f3f1cf10df1ef8917b849d5dd7d33e873d225b261,starknet,Unknown Validator (staker),Unknown Validator,staking,"staking,validator,staker"
0x072543946080646d1aac08bb4ba6f6531b2b29ce41ebfe72b8a6506500d5220e,starknet,Karnot (staker),Karnot,staking,"staking,validator,staker,has-delegators"
0x04092a9c00457c6596009ca3feca4c028ad95e431d8683b5b1fdd591ede140fc,starknet,Zellic (staker),Zellic,staking,"staking,validator,staker,has-delegators"
0x032329f284ebe262e368afba0049ba025ed5999fe1d8da1aa710c9ad5f8c53aa,starknet,Fibrous (staker),Fibrous,staking,"staking,validator,staker,has-delegators"
0x036fbd8152dbdafeb77163dd8f8b180473d16d66ef00f9d11799aaaa216c679e,starknet,Unknown Validator (staker),Unknown Validator,staking,"staking,validator,staker,has-delegators"
0x07c9d19c07f148938ede73c03ce485fbf01338f9c3dd5ed8897a302a79c4a40d,starknet,Unknown Validator (staker),Unknown Validator,staking,"staking,validator,staker"
0x075f2f4a62f923b8be51de70def275f1f891672191fce9a4fe67400c45b833fe,starknet,Unknown Validator (staker),Unknown Validator,staking,"staking,validator,staker"
0x063019409a35d479df596d8c546433fbc53a12c3c19bffc9a14fa84deef9746b,starknet,Unknown Validator (staker),Unknown Validator,staking,"staking,validator,staker"
0x0357ac2351850efea031f114ad132c14ff9bcf06ea7225d21b3b6448a28ea62b,starknet,Unknown Validator (staker),Unknown Validator,staking,"staking,validator,staker"
0x03baeda4f84b8a7ff49b534e51cef2d033c19baf9aac552033f25de5f74d216a,starknet,BlockPro (staker),BlockPro,staking,"staking,validator,staker,has-delegators"
0x01f5ab611c67d2451120dda0dbbdf6d3c956a0f706fccc97c8b79a21951ff8db,starknet,Unknown Validator (staker),Unknown Validator,staking,"staking,validator,staker,has-delegators"
0x015b2439195e5c2965d9ccdfabe51f3adaa8c2f92d449d4112deb7a1c07be6e9,starknet,Argus (staker),Argus,staking,"staking,validator,staker,has-delegators"
0x05c755ba1828c70314349ec4c4ddaf310e648d5773f9bb6c4eb6ce2369288569,starknet,Norvos (staker),Norvos,staking,"staking,validator,staker,has-delegators"
0x05ff6a0b57ad4a65981ea21e064d0308e8e01d5d23f293a688062d2aa31f940e,starknet,0xRaspnode (staker),0xRaspnode,staking,"staking,validator,staker,has-delegators"
0x0066430c53f977084f1221528fcc3d07626d848e5e6babf629caa1865ea6cc86,starknet,Unknown Validator (staker),Unknown Validator,staking,"staking,validator,staker,has-delegators"
0x03ee6ce05c901870197b5248e062eddb780f90456ff46ed3c8eba05d0e6538d2,starknet,Unknown Validator (staker),Unknown Validator,staking,"staking,validator,staker,has-delegators"
0x07e6980efc0ed4381f23c3cb54a0cc14b030b1e38f6b01ad736f74c61f36fddd,starknet,Unknown Validator (staker),Unknown Validator,staking,"staking,validator,staker,has-delegators"
0x03e578ec6757bd366a43c8157dab6fbf6491639173c42ae85f383a479fc90102,starknet,ITRocket (staker),ITRocket,staking,"staking,validator,staker,has-delegators"
0x001dbd42a6e91ceca28d1364acc31f9e73c1419b2624ce30874ade81e8324e04,starknet,DTEAM (staker),DTEAM,staking,"staking,validator,staker,has-delegators"
0x0309ef3513dea060774fee3cfeb3dda40913fe6efba58b9c26ece42540805a49,starknet,Unknown Validator (staker),Unknown Validator,staking,"staking,validator,staker,has-delegators"
0x070ff78577847c55027d6defb5f7613714e052e47235fe8e7bac7c0915a8e08f,starknet,Keplr (staker),Keplr,staking,"staking,validator,staker,has-delegators"
0x02345dfe6a1cac32e9e5c48c47e104281bc766ecdee47cdeeab6028ade7fc003,starknet,Astrosynx (staker),Astrosynx,staking,"staking,validator,staker,has-delegators"
0x034e5b8fd71033cac6bf40478736ddac340097ab1f3002a61505fdabe342ac0f,starknet,neozaru (staker),neozaru,staking,"staking,validator,staker,has-delegators"
0x023d2174be7e064dc31f3f358c850fc1ab3e05ad5b61ea7479e23843250845d0,starknet,CHAIN DIGITAL (staker),CHAIN DIGITAL,staking,"staking,validator,staker,has-delegators"
0x05d0eb74795283001ae399656e00a194e6e83479ae7a537f4986ad5bc39f22bc,starknet,steak.li (staker),steak.li,staking,"staking,validator,staker,has-delegators"
0x018667cf65f43fd9d39d43827086bf9d3de427ea045dcb0363bced5efbb2c2c3,starknet,Unknown Validator (staker),Unknown Validator,staking,"staking,validator,staker,has-delegators"
0x0390af7b99c0adef496e622647c6feadd55fc067020a4cd27730315f474b03b7,starknet,Unknown Validator (staker),Unknown Validator,staking,"staking,validator,staker,has-delegators"
0x07d9d15cb60d78f38e0726c2130ee93123876aeb5f819a8fd1ee69a8d9db1b4b,starknet,Unknown Validator (staker),Unknown Validator,staking,"staking,validator,staker,has-delegators"
0x00a6b518beeee98b2c39715de35d3693b39d2b9055b2bff4a58bffccd5a3a301,starknet,Unknown Validator (staker),Unknown Validator,staking,"staking,validator,staker,has-delegators"
0x01a533ba647460b2a292c85a58e4011459cc29b50e37663d05f5f8f4fa9d6f6b,starknet,HighTower (staker),HighTower,staking,"staking,validator,staker,has-delegators"
0x00ac906005b8ec20c51b3d0a9f971a589bfbe6226205f61561091c900522d773,starknet,J•Node (staker),J•Node,staking,"staking,validator,staker,has-delegators"
0x02952d1e0de1de08fbe6a75d9d0e388e3e89d5d9d42d5f85906ec42ea02e35de,starknet,Nethermind (staker),Nethermind,staking,"staking,validator,staker,has-delegators"
0x0557b00b15bcad5ee10b708b41bd4291f319d4e4bf1fd43bfd88a5391f24318d,starknet,Skyneticlabs (staker),Skyneticlabs,staking,"staking,validator,staker,has-delegators"
0x020506dabaf707654ce037cd8224f769f0482ffacaf21c9a9ff3e77fd25bbe0d,starknet,Unknown Validator (staker),Unknown Validator,staking,"staking,validator,staker,has-delegators"
0x02f78b1aa5ea0ff516f0f2aeee20cc980002b7d973899bb6ae5e8d005959cbaf,starknet,VALIDEXIS (staker),VALIDEXIS,staking,"staking,validator,staker,has-delegators"
0x01826ecfb8240088458a7c6a7be8afdbf68463d9a07a989fc51e10841546adec,starknet,Unknown Validator (staker),Unknown Validator,staking,"staking,validator,staker,has-delegators"
0x061ed0b22a4c3fb4a9ed03fd0ffab06020122f52cd7998c04ba60b40aced4ae9,starknet,Unknown Validator (staker),Unknown Validator,staking,"staking,validator,staker,has-delegators"
0x0696cffc3fbfa5c027efdc71677f1ec237ffc24127f3de78366421c0e8abeb49,starknet,Unknown Validator (staker),Unknown Validator,staking,"staking,validator,staker,has-delegators"
0x0131383f4ad42c6ca411003c7f4113f61eba7b5848c6a1f5a7866661ed8d59c6,starknet,Crypto_room (staker),Crypto_room,staking,"staking,validator,staker,has-delegators"
0x07f648d312ea89d3a6ab509d7b11a540aa7e9338f87654749bfdca0cf1958968,starknet,Unknown Validator (staker),Unknown Validator,staking,"staking,validator,staker,has-delegators"
0x03c3085de545ff2ffc2f267b7dfb87e2977938fd9cdd4c1de4982313ac34f872,starknet,Huginn (staker),Huginn,staking,"staking,validator,staker,has-delegators"
0x06fa26c205d3dc788586652435cae77ce42e44fa01c97e24eee7617217322d25,starknet,Xverse (staker),Xverse,staking,"staking,validator,staker,has-delegators"
0x00d44f40247d1bb8b3cfce9c46c9f7d33592e27d07363674f6b68c37c36a151a,starknet,Unknown Validator (staker),Unknown Validator,staking,"staking,validator,staker"
0x0213bac859bc44428258a72467ca42b0faea9e05c9e88dcc382ff27daa7fa6f6,starknet,Unknown Validator (staker),Unknown Validator,staking,"staking,validator,staker,has-delegators"
0x0586a61016dfb1967e3eb227b048a1331e640851a9998b251d2da2385fbb066e,starknet,Staking4All (staker),Staking4All,staking,"staking,validator,staker,has-delegators"
0x043f05485eafa41da1cd8442069a72a6264dfced0ad1af298fd235d6df91f735,starknet,Frutero Club (staker),Frutero Club,staking,"staking,validator,staker,has-delegators"
0x07bc946586f1992172756a34961fb705a139c948333f873780687be21244a8ec,starknet,Unknown Validator (staker),Unknown Validator,staking,"staking,validator,staker,has-delegators"
0x07e7e6103fa8d6365860ec14d3f14ec9cd9b55b79e5c7bf8dc13a95bf83acaa2,starknet,Vauban (staker),Vauban,staking,"staking,validator,staker,has-delegators"
0x07037044bca2a03ac5f317c8193f71dc49fe0aafa9acbcbb8c994d49f18e7cb3,starknet,Sethee IT LTD. (staker),Sethee IT LTD.,staking,"staking,validator,staker,has-delegators"
0x0478080f2641099be03b42ffade49a4939e5f7d24e79ff733b0030faacead64d,starknet,Unknown Validator (staker),Unknown Validator,staking,"staking,validator,staker,has-delegators"
0x036963c7b56f08105ffdd7f12560924bdc0cb29ce210417ecbc8bf3c7e4b9090,starknet,AVNU (staker),AVNU,staking,"staking,validator,staker,has-delegators"
0x03752e114c1d476771d576d7395759a8682e6a5a20fd5d7dce4987dbbc7f6d04,starknet,Unknown Validator (staker),Unknown Validator,staking,"staking,validator,staker,has-delegators"
0x034cadb95a1e54a258d5a711a7be052ca5a8582cadebf7dfc50d11db8d6b19b5,starknet,Herodotus (staker),Herodotus,staking,"staking,validator,staker,has-delegators"
0x04c9bd490305796b88852d6f57862f9eda26c8af30c240cc68e9cfb785e79525,starknet,Underware (staker),Underware,staking,"staking,validator,staker,has-delegators"
0x043fb6df77713dec6b2a5268ff27388dfe7cf2ec80c71dbf5e49c72711ef8449,starknet,Unknown Validator (staker),Unknown Validator,staking,"staking,validator,staker,has-delegators"
0x04c2b0e230aef0c703594d899c142d6aa6e1c9d43bf7032eec4d1bdb3c944aa4,starknet,cryptonative.systems (staker),cryptonative.systems,staking,"staking,validator,staker,has-delegators"
0x0749c29eddd24613c320b57cf9299a2694934e5e3fabce987df1784231edba71,starknet,WolfEdge Labs (staker),WolfEdge Labs,staking,"staking,validator,staker,has-delegators"
0x00e154198809f2ae5e5425888719c74abc3ff133583c7746c64d437c0320b0da,starknet,NODERS TEAM (staker),NODERS TEAM,staking,"staking,validator,staker,has-delegators"
0x03912bf7ee089d66bf3d1e25af6b7458bdb4e4a17dbad357cbcfd544830f79ea,starknet,Bonout (staker),Bonout,staking,"staking,validator,staker,has-delegators"
0x01013a4c93848da7e4c3b6c8768daedc1b1ca8478df5fa3e5198d037e833acca,starknet,Thebuidl (staker),Thebuidl,staking,"staking,validator,staker,has-delegators"
0x0551a33db7f01ab71d8b272a33260629893b7e3d602267cd0a06b91017a1079a,starknet,Runelabs (staker),Runelabs,staking,"staking,validator,staker,has-delegators"
0x0569d569984026cb0b32d8db0f99c318d64bd98009b0ca3aab0bc822d3f2e72d,starknet,Unknown Validator (staker),Unknown Validator,staking,"staking,validator,staker,has-delegators"
0x02dc260794e4c2eeae87b1403a88385a72c18a5844d220b88117b2965a8cf3a5,starknet,Unknown Validator (staker),Unknown Validator,staking,"staking,validator,staker,has-delegators"
0x05fc466c785607651c81c416a55ff8ac196fa2673b673770134eb424e1141c7e,starknet,Subutai Operational Hash Unit (staker),Subutai Operational Hash Unit,staking,"staking,validator,staker,has-delegators"
0x071e91d3e5e720628eb6464754b8c3f382916afcff748d706982e1b45b8f9e5a,starknet,Unknown Validator (staker),Unknown Validator,staking,"staking,validator,staker,has-delegators"
0x0327a835fda4673a83f63d90bc3a16dd5b1645972acd539b3fc2446e73b11170,starknet,Cumulo (staker),Cumulo,staking,"staking,validator,staker,has-delegators"
0x04c2e99661a85fec90cc66fec5b1eb911a0633888f468f3eac6b9654191f7102,starknet,Das.Rheingold (staker),Das.Rheingold,staking,"staking,validator,staker,has-delegators"
0x03c192719026b8f2208e1b8891a9db5cde8b90229a33c02f69f3c0eb07771170,starknet,OlDirtyBenji (staker),OlDirtyBenji,staking,"staking,validator,staker,has-delegators"
0x026fb76f257ba7c29b7595f66f959cd9e7b356f5a00522326fe3b37f8f9393ea,starknet,Unknown Validator (staker),Unknown Validator,staking,"staking,validator,staker,has-delegators"
0x016cacb599999b339988695c2721c65186ccc41529fb12a7b7a9251c163dc590,starknet,dapriddle (staker),dapriddle,staking,"staking,validator,staker,has-delegators"
0x0234cbb9f4f867f5e6b71f70d20695a9a18ad34d203d87235a6305843f8b8788,starknet,Archetypal Tech (staker),Archetypal Tech,staking,"staking,validator,staker,has-delegators"
0x05b625f0a99bbdb24fbe88cf481e8559e26c0d1d2ac6d957fb77f556857c7543,starknet,bitszn (staker),bitszn,staking,"staking,validator,staker,has-delegators"
0x068e55c8c9b8c0d64ad20e8b08a421c1037b084c6c7339b25e602c86a09c6ce6,starknet,Unknown Validator (staker),Unknown Validator,staking,"staking,validator,staker,has-delegators"
0x032daa3370a015a0737bc4e358bc1a2f6e999a5781b21057e9b43a0dc8334f92,starknet,CoinHunters (staker),CoinHunters,staking,"staking,validator,staker,has-delegators"
0x0239361e24fc849fe2cacc0048d9863dc9031088f148f94ff4f34648a6e77197,starknet,Unknown Validator (staker),Unknown Validator,staking,"staking,validator,staker"
0x018231b7efb19f71c0a938ed876ed98afb864f716d52f2b9ee43719a953d3453,starknet,HoodRun (staker),HoodRun,staking,"staking,validator,staker,has-delegators"
0x0425559f8dfa5583d09cab70f37bb1de8f87c7b4bf646657d6cd0226dd999ba7,starknet,Unknown Validator (staker),Unknown Validator,staking,"staking,validator,staker,has-delegators"
0x02958759e22b48cfc703480c74ba9197df26190c78b83e99f25e96148b932160,starknet,Floy (staker),Floy,staking,"staking,validator,staker,has-delegators"
0x03936bf43887657f80eda16c564a14f66fb5e99bc18f2b5b8a93a6cbd1a6658e,starknet,GoldInternation (staker),GoldInternation,staking,"staking,validator,staker,has-delegators"
0x063b0a2075e06b72891ba62108aff51d302e3cadd867a06fcd776e452c895da1,starknet,Most Yield (staker),Most Yield,staking,"staking,validator,staker,has-delegators"
0x0327478b645a0c6889e995fe22b1298fae420dba24cc42422f0c066763d08dc9,starknet,POSTHUMAN 🧬 StakeDrop (staker),POSTHUMAN 🧬 StakeDrop,staking,"staking,validator,staker,has-delegators"
0x026117b3c5a137220ba581b95bb0bd72fcd43ca789ba23ffcd13978fd0b8cf32,starknet,StakeLab.zone (staker),StakeLab.zone,staking,"staking,validator,staker,has-delegators"
0x04ee3fab423424352d4fc7dd1a3bb6d26a34c26f0793e94f89d02a210d961448,starknet,NodeStake (staker),NodeStake,staking,"staking,validator,staker,has-delegators"
0x03dc5401fb07610b39fd32942bcbcecdaa0a30f5489f91d9cc4977c2c3224767,starknet,Unknown Validator (staker),Unknown Validator,staking,"staking,validator,staker,has-delegators"
0x0744c4e52110f5c463d1997a5989a73ce97087628182a126ccaaabc65e526249,starknet,Staketab (staker),Staketab,staking,"staking,validator,staker,has-delegators"
0x035f074ab2ce04af70c1d1cce3658d5b264cb3fde49f1c1809695929b021d1d5,starknet,moonli.me (staker),moonli.me,staking,"staking,validator,staker,has-delegators"
0x01eb3ea6a3c0ad3c2503a349cd8acca19ed34fb006045a1518eca93910bea5c2,starknet,Atlas Staking (staker),Atlas Staking,staking,"staking,validator,staker,has-delegators"
0x067f8dc84b5b2213c4ec5a4df990f7324bf025bb819ec2e9b7592e5c82fa4bab,starknet,web34ever (staker),web34ever,staking,"staking,validator,staker,has-delegators"
0x03b85f34efde020c700065306d1a9c81f98d242bd88c2721a7e82d2759ffd799,starknet,Meria (staker),Meria,staking,"staking,validator,staker,has-delegators"
0x055c697c985f745587991a3f16f068a59f0241bd66e05564ce5a7a9cc1e43664,starknet,Game Machine Labs (staker),Game Machine Labs,staking,"staking,validator,staker,has-delegators"
0x06a1b1ebb671b5e257ec3b039ed72f37578dd63cb9cb06f779f2eb7e1b4ddc21,starknet,Node3Tech (staker),Node3Tech,staking,"staking,validator,staker,has-delegators"
0x077d4b4e7ae321aabd0a5a7322108635fcbd0cd746f9ae217b8ea00363494b65,starknet,Pragma (staker),Pragma,staking,"staking,validator,staker,has-delegators"
0x00f7e0e1dbdea73240ab6b4470acee184990dc0ac573f5970f6dbd05ee955f02,starknet,Unknown Validator (staker),Unknown Validator,staking,"staking,validator,staker,has-delegators"
0x0272399f169e862157ecb71feb1c1d1fc39b7246a7bc68b57b31ca18b6211989,starknet,Unknown Validator (staker),Unknown Validator,staking,"staking,validator,staker,has-delegators"
0x07366b7faf47122ca71f3cfab7044d67f536f6269666886a5f618dad3de745eb,starknet,Satoshi University (staker),Satoshi University,staking,"staking,validator,staker,has-delegators"
0x067f921775a2da4091d0db24b4c208b1a55de3d1fc7af711798726404f521c52,starknet,Gstake (staker),Gstake,staking,"staking,validator,staker"
0x017fb764a4016bfd24dbe1e42a0d2d0b8da5d8cf17e11e7e0bd19076c97eb7a9,starknet,Unknown Validator (staker),Unknown Validator,staking,"staking,validator,staker"
0x0287a1350e086748a8596ddf73366e12ebfb34aa7c369c50b984d7451a695c1c,starknet,Unknown Validator (staker),Unknown Validator,staking,"staking,validator,staker"
0x00cd32fa216b2138af7f2ad828a1f5465cd449083dde471cfa08e8553c148965,starknet,Unknown Validator (staker),Unknown Validator,staking,"staking,validator,staker"
0x02ba7cc100c1428c6dc1e59d43e184c73c8b62641ad2e7c597392dbe2dde77ac,starknet,Unknown Validator (staker),Unknown Validator,staking,"staking,validator,staker,has-delegators"
0x061089a24b3d5e29f5ed7537967df3a6dfbe321735da4a5201ef5f118b425bcc,starknet,Unknown Validator (staker),Unknown Validator,staking,"staking,validator,staker"
0x02de02b88a30d04ac6a49f24cd6d021f8a1e39d8afabcba348795ab29e3d0d31,starknet,ChainUp Cloud (staker),ChainUp Cloud,staking,"staking,validator,staker,has-delegators"
0x00cc9982f738812df69539bb46ff33de66efda1d58c9780528e2bb285dfc299c,starknet,NFD (staker),NFD,staking,"staking,validator,staker,has-delegators"
0x033d152598873a307b9abdd7bd5d479cadf1814db4bf87e0f0d61a8f84d0bf63,starknet,zkLend (staker),zkLend,staking,"staking,validator,staker,has-delegators"
0x01d1691876af1c5d9f96b8159f7219aa8f111712840056480184d38f6630d49e,starknet,Atemu (staker),Atemu,staking,"staking,validator,staker,has-delegators"
0x000c7181c833be28c212d70e858037efde144235931877f5758d306f01d5edd7,starknet,Pulsar Money by Astrarizon (staker),Pulsar Money by Astrarizon,staking,"staking,validator,staker,has-delegators"
0x06711b0f4b310b41585dd80422588f8582db9307685a83eefbc9d4e9b00e6516,starknet,Compass (staker),Compass,staking,"staking,validator,staker,has-delegators"
0x0278bf268acfbdf0cd186cbb3c3d5e36097cb0a2bd3c076f941b1081cabb3f88,starknet,Unknown Validator (staker),Unknown Validator,staking,"staking,validator,staker"
0x05191c87fff257be8ae03f474dbe95928d2e8e5745cd654771880c864fd91fbe,starknet,Unknown Validator (staker),Unknown Validator,staking,"staking,validator,staker,has-delegators"
0x018d3e2637fa996501756d76caf8409bd800852ecbfc5f727ca184c2b302418f,starknet,Unknown Validator (staker),Unknown Validator,staking,"staking,validator,staker"
0x0684f94890702f08d6765836273bf36c2a0cb0aeb949f146803b7e42060f2192,starknet,Lavender.Five Nodes (staker),Lavender.Five Nodes,staking,"staking,validator,staker,has-delegators"
0x0224874adf1da0a04bda379862a6187e102ba4152a489199cbf6ab0a7f8259a4,starknet,Enigma (staker),Enigma,staking,"staking,validator,staker,has-delegators"
0x002843700bd4bc546d05baa55d055572bf2beea8ebefbdb9be763f83638fc294,starknet,Allnodes (staker),Allnodes,staking,"staking,validator,staker,has-delegators"
0x034641838948563bd99e84cd814314773b43f1975b4412625489b8bc368bc8fa,starknet,Keystone Nodes (staker),Keystone Nodes,staking,"staking,validator,staker,has-delegators"
0x0475289e9b3d5c45c4906d918451e5d32331a7bca20de3ce643f50b628f67d4d,starknet,Citadel.one (staker),Citadel.one,staking,"staking,validator,staker"
0x0134c52e3cdc4e581b14e79c3ef93becf778fa400309613a85e8d4c64c0265af,starknet,Jonathan LEI (staker),Jonathan LEI,staking,"staking,validator,staker,has-delegators"
0x0522d45e8d7a57c5d7d68fbc6fab0ad86b60102041f222cefb2a7140d47e4a28,starknet,Starknet Astro (staker),Starknet Astro,staking,"staking,validator,staker,has-delegators"
0x0161dbe310290d6f1bad9096b02b2eaea765b420ae9a310728837c14bcc48597,starknet,Imperator.co (staker),Imperator.co,staking,"staking,validator,staker,has-delegators"
0x050f0861c68997f4369db1c3b51cfe8db537fd9ad5fcbb571939a0914acda865,starknet,zkDX (staker),zkDX,staking,"staking,validator,staker,has-delegators"
0x00b8a19d6fab26b495958506467de9fa849e66bfbf14cddaad34bad95f4cb3dc,starknet,Unknown Validator (pool),Unknown Validator,staking,"staking,delegation-pool,pool"
0x01faadfc4e72c80a0d856f22641573592e1b199cf8a8a3b1b62600cc663ba33d,starknet,Unknown Validator (pool),Unknown Validator,staking,"staking,delegation-pool,pool"
0x026bd110619d11cfdfc28e281df893bc24828e89177318e9dbd860cdaedeb6b3,starknet,Unknown Validator (pool),Unknown Validator,staking,"staking,delegation-pool,pool"
0x02a2c009875cef3bf616ddf20d9ad5eee52912a8c75890a6fa573610d6c9df8c,starknet,Unknown Validator (pool),Unknown Validator,staking,"staking,delegation-pool,pool"
0x03711c9d994faf6055172091cb841fd4831aa743e6f3315163b06a122c841846,starknet,Unknown Validator (pool),Unknown Validator,staking,"staking,delegation-pool,pool"
0x03e615638e0b79444a70f8c695bf8f2a47033bf1cf95691ec3130f64939cee99,starknet,Unknown Validator (pool),Unknown Validator,staking,"staking,delegation-pool,pool"
0x05cfa474edf4ff15b76f0113d13025ab76573648be6774eeaf18e0cd6f9069f9,starknet,Unknown Validator (pool),Unknown Validator,staking,"staking,delegation-pool,pool"
0x05ed62c4408c3184a66bd5a79301ab60b4ca944ec8254660edf8dc8e85afec7c,starknet,Unknown Validator (pool),Unknown Validator,staking,"staking,delegation-pool,pool"
0x07f102707d6f04bcdec5c56833ed0498a8fa3302846b3af92676c0204767f663,starknet,Unknown Validator (pool),Unknown Validator,staking,"staking,delegation-pool,pool"
